{"schemaVersion":"1.0","appDefinitionTemplate":{"id":"/providers/Microsoft.PowerApps/apps/","type":"Microsoft.PowerApps/apps","tags":{"minimumRequiredApiVersion":"2.2.0"},"properties":{"appVersion":"2018-10-24T06:32:53Z","lifeCycleId":"Published","createdByClientVersion":{"major":3,"minor":18102,"build":20,"revision":0,"majorRevision":0,"minorRevision":0},"minClientVersion":{"major":3,"minor":18102,"build":20,"revision":0,"majorRevision":0,"minorRevision":0},"backgroundColor":"rgba(175, 229, 178, 1)","backgroundImageUri":"/443075470809299993/Ne835f832-ad06-485f-85a5-4d5fd72b50d2-logoSmallFile","displayName":"Cincinnati PowerApps Flow UG 1st Meeting","description":"Inaugural Meeting of Cincinnati PowerApps and Flow UG","appUris":{"documentUri":{"value":"/443075470809299993/Nf6239db9-093e-4ec1-9fcd-af9ce502cc80-document.msapp","readonlyValue":"/443075470809299993/Nf6239db9-093e-4ec1-9fcd-af9ce502cc80-document.msapp"},"imageUris":[]},"createdTime":"0001-01-01T00:00:00Z","lastModifiedTime":"0001-01-01T00:00:00Z","sharedGroupsCount":0,"sharedUsersCount":0,"icons":{"smallIconUri":"/443075470809299993/Ne0da0f3a-94a0-4f48-9f90-342ef25b2016-small.png","mediumIconUri":"/443075470809299993/N0010763a-65b3-43c5-aa5f-67cd00abb823-medium.png","largeIconUri":"/443075470809299993/N79fb09c1-5b59-4430-ace3-66d624db8a75-large.png","wideIconUri":"/443075470809299993/N44978e3a-5d1d-4df5-b880-35bf69ebf75f-wide.png"},"connectionReferences":{"32ed5e23-fdb3-4b72-9d5c-3066ab007cb0":{"id":"5caac569-6192-4ed1-bbb2-fd79528136de","displayName":"Office 365 Outlook","iconUri":"https://connectoricons-prod.azureedge.net/office365/icon_1.0.1008.1183.png","dataSources":["Office365"],"dependencies":[],"dependents":[],"parameterHints":{},"isOnPremiseConnection":false,"bypassConsent":false,"dataSets":{},"apiTier":"Standard"},"9b3d7092-324a-4cf3-8cad-bf1e36e13c9e":{"id":"c30d16e8-f41a-4b4f-9b65-a4db3caba3e8","displayName":"Twitter","iconUri":"https://connectoricons-prod.azureedge.net/twitter/icon_1.0.1029.1214.png","dataSources":["Twitter"],"dependencies":[],"dependents":[],"parameterHints":{},"isOnPremiseConnection":false,"bypassConsent":false,"dataSets":{},"apiTier":"Standard"}},"databaseReferences":{},"almMode":"Environment"},"appComponents":[]}}